{
  "0": [
    0.191,
    0.162,
    0.228
  ],
  "1": [
    0.205,
    0.176,
    0.223
  ],
  "2": [
    0.23,
    0.211,
    0.243
  ],
  "3": [
    0.237,
    0.204,
    0.235
  ],
  "4": [
    0.24,
    0.202,
    0.262
  ],
  "5": [
    0.207,
    0.169,
    0.233
  ],
  "6": [
    0.216,
    0.179,
    0.224
  ],
  "7": [
    0.239,
    0.208,
    0.247
  ],
  "8": [
    0.233,
    0.203,
    0.236
  ],
  "9": [
    0.254,
    0.218,
    0.244
  ],
  "10": [
    0.271,
    0.233,
    0.294
  ],
  "11": [
    0.265,
    0.234,
    0.282
  ],
  "avg": [
    0.23233333333333336,
    0.19991666666666666,
    0.24591666666666667
  ]
}