{
  "0": [
    0.314,
    0.293,
    0.324
  ],
  "1": [
    0.359,
    0.317,
    0.351
  ],
  "2": [
    0.375,
    0.317,
    0.36
  ],
  "3": [
    0.339,
    0.301,
    0.349
  ],
  "4": [
    0.333,
    0.295,
    0.353
  ],
  "5": [
    0.351,
    0.31,
    0.355
  ],
  "6": [
    0.344,
    0.301,
    0.363
  ],
  "7": [
    0.375,
    0.308,
    0.379
  ],
  "8": [
    0.292,
    0.246,
    0.311
  ],
  "9": [
    0.326,
    0.284,
    0.342
  ],
  "10": [
    0.378,
    0.325,
    0.373
  ],
  "11": [
    0.286,
    0.25,
    0.314
  ],
  "avg": [
    0.33933333333333326,
    0.2955833333333333,
    0.3478333333333334
  ]
}