{
  "0": [
    0.375,
    0.347,
    0.405
  ],
  "1": [
    0.343,
    0.317,
    0.348
  ],
  "2": [
    0.395,
    0.378,
    0.421
  ],
  "3": [
    0.375,
    0.365,
    0.385
  ],
  "4": [
    0.366,
    0.34,
    0.382
  ],
  "5": [
    0.333,
    0.302,
    0.339
  ],
  "6": [
    0.363,
    0.351,
    0.386
  ],
  "7": [
    0.357,
    0.343,
    0.372
  ],
  "8": [
    0.316,
    0.318,
    0.33
  ],
  "9": [
    0.383,
    0.367,
    0.404
  ],
  "10": [
    0.373,
    0.331,
    0.41
  ],
  "11": [
    0.384,
    0.357,
    0.411
  ],
  "avg": [
    0.36358333333333337,
    0.34299999999999997,
    0.3827499999999999
  ]
}