{
  "0": [
    0.26,
    0.235,
    0.283
  ],
  "1": [
    0.249,
    0.242,
    0.285
  ],
  "2": [
    0.205,
    0.209,
    0.234
  ],
  "3": [
    0.198,
    0.198,
    0.222
  ],
  "4": [
    0.248,
    0.244,
    0.28
  ],
  "5": [
    0.267,
    0.267,
    0.289
  ],
  "6": [
    0.234,
    0.22,
    0.272
  ],
  "7": [
    0.271,
    0.259,
    0.293
  ],
  "8": [
    0.232,
    0.235,
    0.264
  ],
  "9": [
    0.252,
    0.243,
    0.289
  ],
  "10": [
    0.253,
    0.251,
    0.288
  ],
  "11": [
    0.242,
    0.229,
    0.262
  ],
  "avg": [
    0.24258333333333337,
    0.236,
    0.27175
  ]
}