{
  "0": [
    0.448,
    0.371,
    0.448
  ],
  "1": [
    0.414,
    0.338,
    0.422
  ],
  "2": [
    0.461,
    0.379,
    0.457
  ],
  "3": [
    0.436,
    0.354,
    0.43
  ],
  "4": [
    0.425,
    0.355,
    0.422
  ],
  "5": [
    0.432,
    0.359,
    0.429
  ],
  "6": [
    0.476,
    0.404,
    0.458
  ],
  "7": [
    0.468,
    0.391,
    0.442
  ],
  "8": [
    0.41,
    0.332,
    0.422
  ],
  "9": [
    0.475,
    0.401,
    0.457
  ],
  "10": [
    0.508,
    0.426,
    0.476
  ],
  "11": [
    0.489,
    0.419,
    0.483
  ],
  "avg": [
    0.45349999999999996,
    0.3774166666666667,
    0.4455
  ]
}