{
  "0": [
    0.259,
    0.232,
    0.289
  ],
  "1": [
    0.2,
    0.177,
    0.237
  ],
  "2": [
    0.238,
    0.222,
    0.277
  ],
  "3": [
    0.229,
    0.195,
    0.27
  ],
  "4": [
    0.232,
    0.209,
    0.276
  ],
  "5": [
    0.234,
    0.214,
    0.267
  ],
  "6": [
    0.21,
    0.188,
    0.259
  ],
  "7": [
    0.216,
    0.194,
    0.258
  ],
  "8": [
    0.183,
    0.163,
    0.242
  ],
  "9": [
    0.263,
    0.239,
    0.296
  ],
  "10": [
    0.244,
    0.206,
    0.285
  ],
  "11": [
    0.232,
    0.207,
    0.263
  ],
  "avg": [
    0.22833333333333336,
    0.2038333333333333,
    0.26825
  ]
}