{
  "0": [
    0.441,
    0.439,
    0.51,
    0.11,
    0.566,
    0.452
  ],
  "1": [
    0.428,
    0.429,
    0.522,
    0.183,
    0.587,
    0.449
  ],
  "2": [
    0.434,
    0.45,
    0.511,
    0.166,
    0.563,
    0.446
  ],
  "3": [
    0.443,
    0.428,
    0.507,
    0.152,
    0.563,
    0.441
  ],
  "4": [
    0.445,
    0.455,
    0.518,
    0.175,
    0.575,
    0.452
  ],
  "5": [
    0.408,
    0.419,
    0.481,
    0.096,
    0.533,
    0.42
  ],
  "6": [
    0.436,
    0.44,
    0.513,
    0.135,
    0.575,
    0.449
  ],
  "7": [
    0.38,
    0.366,
    0.48,
    0.128,
    0.552,
    0.398
  ],
  "8": [
    0.443,
    0.448,
    0.526,
    0.173,
    0.572,
    0.472
  ],
  "9": [
    0.434,
    0.437,
    0.514,
    0.164,
    0.584,
    0.437
  ],
  "avg": [
    0.42919999999999997,
    0.4311,
    0.5082,
    0.1482,
    0.567,
    0.44160000000000005
  ]
}