{
  "0": [
    0.53,
    0.474,
    0.509,
    0.322,
    0.579,
    0.445
  ],
  "1": [
    0.52,
    0.482,
    0.506,
    0.343,
    0.58,
    0.434
  ],
  "2": [
    0.534,
    0.484,
    0.54,
    0.424,
    0.609,
    0.464
  ],
  "3": [
    0.523,
    0.472,
    0.506,
    0.377,
    0.593,
    0.41
  ],
  "4": [
    0.523,
    0.49,
    0.512,
    0.358,
    0.568,
    0.457
  ],
  "5": [
    0.507,
    0.48,
    0.515,
    0.302,
    0.596,
    0.446
  ],
  "6": [
    0.527,
    0.474,
    0.514,
    0.357,
    0.572,
    0.458
  ],
  "7": [
    0.524,
    0.485,
    0.524,
    0.312,
    0.588,
    0.474
  ],
  "8": [
    0.533,
    0.474,
    0.504,
    0.347,
    0.584,
    0.423
  ],
  "9": [
    0.521,
    0.461,
    0.505,
    0.296,
    0.571,
    0.451
  ],
  "avg": [
    0.5242000000000001,
    0.47759999999999997,
    0.5135000000000001,
    0.34379999999999994,
    0.5839999999999999,
    0.4462
  ]
}