{
  "0": [
    0.045,
    0.059,
    0.022
  ],
  "1": [
    0.051,
    0.083,
    0.016
  ],
  "2": [
    0.075,
    0.09,
    0.069
  ],
  "3": [
    0.061,
    0.105,
    0.041
  ],
  "4": [
    0.08,
    0.101,
    0.07
  ],
  "5": [
    0.047,
    0.073,
    0.042
  ],
  "6": [
    0.087,
    0.113,
    0.077
  ],
  "7": [
    0.044,
    0.052,
    0.036
  ],
  "8": [
    0.056,
    0.069,
    0.041
  ],
  "9": [
    0.085,
    0.106,
    0.076
  ],
  "10": [
    0.087,
    0.108,
    0.075
  ],
  "11": [
    0.052,
    0.072,
    0.043
  ],
  "avg": [
    0.06416666666666666,
    0.08591666666666668,
    0.050666666666666665
  ]
}