{
  "0": [
    0.571,
    0.528,
    0.563,
    0.353,
    0.411,
    0.46
  ],
  "1": [
    0.569,
    0.536,
    0.582,
    0.526,
    0.4,
    0.451
  ],
  "2": [
    0.556,
    0.537,
    0.553,
    0.442,
    0.379,
    0.395
  ],
  "3": [
    0.575,
    0.545,
    0.556,
    0.368,
    0.376,
    0.515
  ],
  "4": [
    0.549,
    0.526,
    0.575,
    0.489,
    0.394,
    0.466
  ],
  "5": [
    0.572,
    0.543,
    0.577,
    0.463,
    0.411,
    0.44
  ],
  "6": [
    0.577,
    0.542,
    0.566,
    0.42,
    0.399,
    0.454
  ],
  "7": [
    0.579,
    0.536,
    0.57,
    0.475,
    0.386,
    0.47
  ],
  "8": [
    0.571,
    0.535,
    0.574,
    0.477,
    0.395,
    0.462
  ],
  "9": [
    0.56,
    0.538,
    0.569,
    0.493,
    0.376,
    0.479
  ],
  "avg": [
    0.5679000000000001,
    0.5366,
    0.5685,
    0.4506,
    0.3927,
    0.45920000000000005
  ]
}