{
  "0": [
    0.53,
    0.461,
    0.48,
    0.502,
    0.329,
    0.346
  ],
  "1": [
    0.518,
    0.449,
    0.477,
    0.524,
    0.354,
    0.273
  ],
  "2": [
    0.53,
    0.425,
    0.476,
    0.561,
    0.307,
    0.326
  ],
  "3": [
    0.505,
    0.444,
    0.473,
    0.506,
    0.324,
    0.323
  ],
  "4": [
    0.457,
    0.397,
    0.445,
    0.413,
    0.327,
    0.271
  ],
  "5": [
    0.508,
    0.422,
    0.47,
    0.53,
    0.319,
    0.303
  ],
  "6": [
    0.523,
    0.43,
    0.462,
    0.489,
    0.298,
    0.338
  ],
  "7": [
    0.504,
    0.411,
    0.442,
    0.373,
    0.309,
    0.323
  ],
  "8": [
    0.518,
    0.428,
    0.458,
    0.478,
    0.302,
    0.322
  ],
  "9": [
    0.504,
    0.422,
    0.427,
    0.377,
    0.276,
    0.316
  ],
  "avg": [
    0.5096999999999999,
    0.42890000000000006,
    0.46099999999999997,
    0.47529999999999994,
    0.31450000000000006,
    0.3141
  ]
}