{
  "0": [
    0.498,
    0.427,
    0.467
  ],
  "1": [
    0.497,
    0.423,
    0.454
  ],
  "2": [
    0.516,
    0.435,
    0.457
  ],
  "3": [
    0.489,
    0.405,
    0.45
  ],
  "4": [
    0.519,
    0.448,
    0.481
  ],
  "5": [
    0.488,
    0.414,
    0.45
  ],
  "6": [
    0.491,
    0.421,
    0.442
  ],
  "7": [
    0.515,
    0.43,
    0.467
  ],
  "8": [
    0.507,
    0.426,
    0.456
  ],
  "9": [
    0.497,
    0.41,
    0.455
  ],
  "avg": [
    0.5016999999999999,
    0.4239,
    0.4579000000000001
  ]
}