{
  "0": [
    0.481,
    0.468,
    0.562,
    0.161,
    0.649,
    0.491
  ],
  "1": [
    0.473,
    0.465,
    0.555,
    0.093,
    0.654,
    0.483
  ],
  "2": [
    0.477,
    0.464,
    0.561,
    0.158,
    0.648,
    0.49
  ],
  "3": [
    0.464,
    0.466,
    0.535,
    0.117,
    0.649,
    0.439
  ],
  "4": [
    0.481,
    0.458,
    0.558,
    0.132,
    0.654,
    0.483
  ],
  "5": [
    0.473,
    0.465,
    0.558,
    0.144,
    0.68,
    0.462
  ],
  "6": [
    0.482,
    0.463,
    0.552,
    0.124,
    0.631,
    0.491
  ],
  "7": [
    0.474,
    0.478,
    0.563,
    0.158,
    0.639,
    0.501
  ],
  "8": [
    0.471,
    0.467,
    0.548,
    0.132,
    0.615,
    0.493
  ],
  "9": [
    0.491,
    0.477,
    0.552,
    0.106,
    0.644,
    0.483
  ],
  "avg": [
    0.47669999999999996,
    0.4671,
    0.5544,
    0.1325,
    0.6463000000000001,
    0.4816
  ]
}