{
  "0": [
    0.413,
    0.394,
    0.502,
    0.132,
    0.587,
    0.416
  ],
  "1": [
    0.374,
    0.357,
    0.454,
    0.218,
    0.459,
    0.396
  ],
  "2": [
    0.408,
    0.406,
    0.489,
    0.126,
    0.595,
    0.383
  ],
  "3": [
    0.438,
    0.397,
    0.508,
    0.243,
    0.575,
    0.418
  ],
  "4": [
    0.43,
    0.398,
    0.512,
    0.193,
    0.58,
    0.43
  ],
  "5": [
    0.393,
    0.373,
    0.463,
    0.173,
    0.54,
    0.361
  ],
  "6": [
    0.442,
    0.408,
    0.512,
    0.144,
    0.579,
    0.441
  ],
  "7": [
    0.385,
    0.392,
    0.471,
    0.157,
    0.573,
    0.354
  ],
  "8": [
    0.411,
    0.398,
    0.489,
    0.212,
    0.574,
    0.382
  ],
  "9": [
    0.429,
    0.403,
    0.518,
    0.17,
    0.596,
    0.435
  ],
  "avg": [
    0.41229999999999994,
    0.3926,
    0.4918,
    0.17679999999999998,
    0.5658,
    0.4016
  ]
}