{
  "0": [
    0.206,
    0.175,
    0.236
  ],
  "1": [
    0.241,
    0.23,
    0.287
  ],
  "2": [
    0.265,
    0.271,
    0.321
  ],
  "3": [
    0.216,
    0.217,
    0.252
  ],
  "4": [
    0.179,
    0.2,
    0.214
  ],
  "5": [
    0.236,
    0.245,
    0.283
  ],
  "6": [
    0.234,
    0.212,
    0.268
  ],
  "7": [
    0.192,
    0.196,
    0.232
  ],
  "8": [
    0.212,
    0.198,
    0.242
  ],
  "9": [
    0.233,
    0.22,
    0.286
  ],
  "10": [
    0.225,
    0.21,
    0.262
  ],
  "11": [
    0.245,
    0.245,
    0.285
  ],
  "avg": [
    0.22366666666666668,
    0.21825000000000003,
    0.264
  ]
}