{
  "0": [
    0.427,
    0.398,
    0.413,
    0.143,
    0.271,
    0.242
  ],
  "1": [
    0.471,
    0.428,
    0.464,
    0.348,
    0.311,
    0.268
  ],
  "2": [
    0.483,
    0.44,
    0.451,
    0.306,
    0.267,
    0.309
  ],
  "3": [
    0.469,
    0.422,
    0.447,
    0.26,
    0.285,
    0.29
  ],
  "4": [
    0.44,
    0.408,
    0.446,
    0.247,
    0.292,
    0.283
  ],
  "5": [
    0.452,
    0.422,
    0.439,
    0.331,
    0.278,
    0.228
  ],
  "6": [
    0.443,
    0.402,
    0.433,
    0.26,
    0.269,
    0.26
  ],
  "7": [
    0.454,
    0.416,
    0.417,
    0.182,
    0.258,
    0.259
  ],
  "8": [
    0.457,
    0.417,
    0.441,
    0.219,
    0.289,
    0.287
  ],
  "9": [
    0.449,
    0.411,
    0.447,
    0.262,
    0.28,
    0.301
  ],
  "avg": [
    0.4545,
    0.4164,
    0.43979999999999997,
    0.25579999999999997,
    0.2800000000000001,
    0.2727
  ]
}