{
  "0": [
    0.506,
    0.504,
    0.514,
    0.253,
    0.35,
    0.407
  ],
  "1": [
    0.539,
    0.514,
    0.536,
    0.334,
    0.369,
    0.421
  ],
  "2": [
    0.509,
    0.488,
    0.504,
    0.119,
    0.375,
    0.391
  ],
  "3": [
    0.493,
    0.482,
    0.503,
    0.215,
    0.346,
    0.378
  ],
  "4": [
    0.522,
    0.502,
    0.517,
    0.22,
    0.357,
    0.444
  ],
  "5": [
    0.524,
    0.499,
    0.533,
    0.329,
    0.365,
    0.417
  ],
  "6": [
    0.502,
    0.47,
    0.503,
    0.184,
    0.362,
    0.352
  ],
  "7": [
    0.494,
    0.48,
    0.512,
    0.242,
    0.352,
    0.4
  ],
  "8": [
    0.522,
    0.495,
    0.528,
    0.261,
    0.378,
    0.411
  ],
  "9": [
    0.504,
    0.493,
    0.508,
    0.092,
    0.392,
    0.385
  ],
  "avg": [
    0.5115000000000001,
    0.4927,
    0.5158,
    0.22490000000000002,
    0.3646,
    0.40059999999999996
  ]
}