{
  "0": [
    0.495,
    0.481,
    0.512,
    0.334,
    0.475,
    0.439
  ],
  "1": [
    0.478,
    0.462,
    0.529,
    0.323,
    0.512,
    0.441
  ],
  "2": [
    0.507,
    0.489,
    0.532,
    0.346,
    0.503,
    0.458
  ],
  "3": [
    0.473,
    0.453,
    0.498,
    0.407,
    0.459,
    0.413
  ],
  "4": [
    0.483,
    0.472,
    0.507,
    0.38,
    0.46,
    0.439
  ],
  "5": [
    0.524,
    0.503,
    0.536,
    0.399,
    0.526,
    0.435
  ],
  "6": [
    0.507,
    0.482,
    0.542,
    0.404,
    0.514,
    0.462
  ],
  "7": [
    0.502,
    0.485,
    0.53,
    0.312,
    0.513,
    0.447
  ],
  "8": [
    0.487,
    0.47,
    0.515,
    0.371,
    0.469,
    0.452
  ],
  "9": [
    0.502,
    0.502,
    0.531,
    0.4,
    0.511,
    0.44
  ],
  "avg": [
    0.4958,
    0.47990000000000005,
    0.5231999999999999,
    0.3676,
    0.4942000000000001,
    0.4426
  ]
}