{
  "0": [
    0.495,
    0.459,
    0.487,
    0.332,
    0.535,
    0.441
  ],
  "1": [
    0.488,
    0.465,
    0.48,
    0.325,
    0.521,
    0.44
  ],
  "2": [
    0.482,
    0.463,
    0.469,
    0.313,
    0.526,
    0.411
  ],
  "3": [
    0.465,
    0.423,
    0.46,
    0.313,
    0.516,
    0.402
  ],
  "4": [
    0.479,
    0.466,
    0.472,
    0.307,
    0.515,
    0.434
  ],
  "5": [
    0.45,
    0.439,
    0.456,
    0.273,
    0.504,
    0.413
  ],
  "6": [
    0.5,
    0.469,
    0.483,
    0.328,
    0.546,
    0.419
  ],
  "7": [
    0.5,
    0.474,
    0.477,
    0.302,
    0.513,
    0.447
  ],
  "8": [
    0.498,
    0.464,
    0.472,
    0.29,
    0.535,
    0.415
  ],
  "9": [
    0.508,
    0.467,
    0.478,
    0.286,
    0.532,
    0.433
  ],
  "avg": [
    0.48650000000000004,
    0.45890000000000003,
    0.4734,
    0.3069,
    0.5243,
    0.4255
  ]
}