{
  "0": [
    0.501,
    0.5,
    0.52,
    0.371,
    0.475,
    0.457
  ],
  "1": [
    0.505,
    0.51,
    0.521,
    0.36,
    0.47,
    0.466
  ],
  "2": [
    0.502,
    0.506,
    0.538,
    0.376,
    0.494,
    0.48
  ],
  "3": [
    0.519,
    0.513,
    0.542,
    0.354,
    0.504,
    0.481
  ],
  "4": [
    0.506,
    0.515,
    0.526,
    0.399,
    0.474,
    0.469
  ],
  "5": [
    0.494,
    0.497,
    0.513,
    0.342,
    0.458,
    0.462
  ],
  "6": [
    0.523,
    0.525,
    0.547,
    0.373,
    0.535,
    0.457
  ],
  "7": [
    0.506,
    0.519,
    0.534,
    0.361,
    0.499,
    0.465
  ],
  "8": [
    0.494,
    0.496,
    0.512,
    0.346,
    0.459,
    0.458
  ],
  "9": [
    0.515,
    0.513,
    0.536,
    0.374,
    0.507,
    0.461
  ],
  "avg": [
    0.5065,
    0.5094,
    0.5288999999999999,
    0.36560000000000004,
    0.4875,
    0.46559999999999996
  ]
}