{
  "0": [
    0.457,
    0.422,
    0.434,
    0.268,
    0.241,
    0.305
  ],
  "1": [
    0.466,
    0.416,
    0.434,
    0.196,
    0.256,
    0.322
  ],
  "2": [
    0.471,
    0.421,
    0.446,
    0.331,
    0.246,
    0.31
  ],
  "3": [
    0.452,
    0.394,
    0.435,
    0.278,
    0.246,
    0.295
  ],
  "4": [
    0.402,
    0.399,
    0.429,
    0.285,
    0.244,
    0.266
  ],
  "5": [
    0.454,
    0.425,
    0.441,
    0.196,
    0.287,
    0.303
  ],
  "6": [
    0.455,
    0.414,
    0.435,
    0.263,
    0.249,
    0.299
  ],
  "7": [
    0.454,
    0.427,
    0.447,
    0.313,
    0.254,
    0.311
  ],
  "8": [
    0.469,
    0.42,
    0.446,
    0.293,
    0.265,
    0.304
  ],
  "9": [
    0.449,
    0.402,
    0.431,
    0.301,
    0.225,
    0.297
  ],
  "avg": [
    0.4529000000000001,
    0.414,
    0.4378,
    0.27240000000000003,
    0.2513,
    0.3012
  ]
}