{
  "0": [
    0.519,
    0.485,
    0.521,
    0.311,
    0.351,
    0.392
  ],
  "1": [
    0.527,
    0.489,
    0.522,
    0.317,
    0.351,
    0.395
  ],
  "2": [
    0.51,
    0.483,
    0.51,
    0.341,
    0.327,
    0.358
  ],
  "3": [
    0.538,
    0.505,
    0.543,
    0.381,
    0.373,
    0.404
  ],
  "4": [
    0.513,
    0.497,
    0.523,
    0.284,
    0.363,
    0.395
  ],
  "5": [
    0.499,
    0.477,
    0.501,
    0.199,
    0.345,
    0.388
  ],
  "6": [
    0.521,
    0.478,
    0.529,
    0.333,
    0.352,
    0.427
  ],
  "7": [
    0.491,
    0.465,
    0.496,
    0.228,
    0.326,
    0.38
  ],
  "8": [
    0.514,
    0.49,
    0.516,
    0.27,
    0.347,
    0.419
  ],
  "9": [
    0.525,
    0.495,
    0.524,
    0.356,
    0.34,
    0.409
  ],
  "avg": [
    0.5157,
    0.4864,
    0.5185,
    0.30200000000000005,
    0.3475,
    0.39669999999999994
  ]
}