{
  "0": [
    0.452,
    0.391,
    0.42,
    0.35,
    0.293,
    0.273
  ],
  "1": [
    0.467,
    0.399,
    0.44,
    0.378,
    0.301,
    0.323
  ],
  "2": [
    0.476,
    0.408,
    0.425,
    0.366,
    0.273,
    0.32
  ],
  "3": [
    0.452,
    0.39,
    0.404,
    0.257,
    0.287,
    0.29
  ],
  "4": [
    0.395,
    0.349,
    0.405,
    0.287,
    0.282,
    0.28
  ],
  "5": [
    0.463,
    0.394,
    0.426,
    0.315,
    0.313,
    0.288
  ],
  "6": [
    0.441,
    0.365,
    0.413,
    0.27,
    0.302,
    0.289
  ],
  "7": [
    0.45,
    0.392,
    0.426,
    0.343,
    0.288,
    0.313
  ],
  "8": [
    0.432,
    0.372,
    0.417,
    0.353,
    0.279,
    0.283
  ],
  "9": [
    0.439,
    0.361,
    0.407,
    0.323,
    0.269,
    0.283
  ],
  "avg": [
    0.44670000000000004,
    0.3821,
    0.4183,
    0.32419999999999993,
    0.28869999999999996,
    0.2942
  ]
}