{
  "0": [
    0.483,
    0.436,
    0.482,
    0.387,
    0.524,
    0.429
  ],
  "1": [
    0.476,
    0.437,
    0.484,
    0.353,
    0.545,
    0.417
  ],
  "2": [
    0.444,
    0.409,
    0.46,
    0.4,
    0.486,
    0.415
  ],
  "3": [
    0.468,
    0.424,
    0.486,
    0.378,
    0.535,
    0.427
  ],
  "4": [
    0.478,
    0.439,
    0.482,
    0.41,
    0.535,
    0.411
  ],
  "5": [
    0.465,
    0.426,
    0.478,
    0.409,
    0.527,
    0.41
  ],
  "6": [
    0.481,
    0.445,
    0.485,
    0.386,
    0.536,
    0.422
  ],
  "7": [
    0.448,
    0.399,
    0.461,
    0.33,
    0.505,
    0.411
  ],
  "8": [
    0.456,
    0.428,
    0.471,
    0.322,
    0.541,
    0.396
  ],
  "9": [
    0.45,
    0.425,
    0.466,
    0.352,
    0.509,
    0.414
  ],
  "avg": [
    0.4649,
    0.42679999999999996,
    0.4755,
    0.37270000000000003,
    0.5243000000000001,
    0.4152
  ]
}