{
  "0": [
    0.395,
    0.356,
    0.35,
    0.088,
    0.277,
    0.206
  ],
  "1": [
    0.48,
    0.414,
    0.431,
    0.369,
    0.304,
    0.287
  ],
  "2": [
    0.477,
    0.399,
    0.437,
    0.373,
    0.31,
    0.3
  ],
  "3": [
    0.447,
    0.387,
    0.411,
    0.266,
    0.32,
    0.252
  ],
  "4": [
    0.453,
    0.385,
    0.413,
    0.302,
    0.316,
    0.238
  ],
  "5": [
    0.468,
    0.402,
    0.419,
    0.353,
    0.299,
    0.258
  ],
  "6": [
    0.438,
    0.385,
    0.408,
    0.259,
    0.324,
    0.236
  ],
  "7": [
    0.473,
    0.409,
    0.429,
    0.363,
    0.32,
    0.254
  ],
  "8": [
    0.463,
    0.396,
    0.411,
    0.313,
    0.303,
    0.245
  ],
  "9": [
    0.454,
    0.39,
    0.431,
    0.325,
    0.322,
    0.289
  ],
  "avg": [
    0.4547999999999999,
    0.3923,
    0.414,
    0.30110000000000003,
    0.3095,
    0.2565
  ]
}