{
  "0": [
    0.399,
    0.383,
    0.422
  ],
  "1": [
    0.432,
    0.425,
    0.46
  ],
  "2": [
    0.409,
    0.392,
    0.44
  ],
  "3": [
    0.41,
    0.377,
    0.45
  ],
  "4": [
    0.418,
    0.394,
    0.458
  ],
  "5": [
    0.415,
    0.395,
    0.45
  ],
  "6": [
    0.406,
    0.371,
    0.446
  ],
  "7": [
    0.421,
    0.403,
    0.468
  ],
  "8": [
    0.412,
    0.392,
    0.456
  ],
  "9": [
    0.416,
    0.402,
    0.447
  ],
  "10": [
    0.387,
    0.345,
    0.433
  ],
  "11": [
    0.402,
    0.382,
    0.422
  ],
  "avg": [
    0.41058333333333336,
    0.38841666666666663,
    0.446
  ]
}