{
  "0": [
    0.416,
    0.36,
    0.453
  ],
  "1": [
    0.408,
    0.347,
    0.43
  ],
  "2": [
    0.445,
    0.389,
    0.484
  ],
  "3": [
    0.399,
    0.345,
    0.439
  ],
  "4": [
    0.408,
    0.37,
    0.454
  ],
  "5": [
    0.43,
    0.362,
    0.468
  ],
  "6": [
    0.439,
    0.367,
    0.486
  ],
  "7": [
    0.413,
    0.359,
    0.455
  ],
  "8": [
    0.422,
    0.366,
    0.468
  ],
  "9": [
    0.381,
    0.329,
    0.424
  ],
  "10": [
    0.459,
    0.392,
    0.489
  ],
  "11": [
    0.437,
    0.381,
    0.466
  ],
  "avg": [
    0.4214166666666667,
    0.36391666666666667,
    0.4596666666666667
  ]
}