{
  "0": [
    0.397,
    0.302,
    0.386
  ],
  "1": [
    0.411,
    0.312,
    0.364
  ],
  "2": [
    0.378,
    0.29,
    0.357
  ],
  "3": [
    0.421,
    0.335,
    0.398
  ],
  "4": [
    0.414,
    0.314,
    0.371
  ],
  "5": [
    0.407,
    0.302,
    0.388
  ],
  "6": [
    0.41,
    0.316,
    0.392
  ],
  "7": [
    0.372,
    0.282,
    0.32
  ],
  "8": [
    0.385,
    0.277,
    0.376
  ],
  "9": [
    0.4,
    0.299,
    0.363
  ],
  "10": [
    0.417,
    0.322,
    0.385
  ],
  "11": [
    0.384,
    0.316,
    0.383
  ],
  "avg": [
    0.39966666666666667,
    0.3055833333333333,
    0.3735833333333333
  ]
}