{
  "0": [
    0.475,
    0.47,
    0.539
  ],
  "1": [
    0.486,
    0.473,
    0.541
  ],
  "2": [
    0.449,
    0.443,
    0.506
  ],
  "3": [
    0.447,
    0.443,
    0.518
  ],
  "4": [
    0.505,
    0.528,
    0.555
  ],
  "5": [
    0.502,
    0.515,
    0.557
  ],
  "6": [
    0.452,
    0.439,
    0.491
  ],
  "7": [
    0.462,
    0.441,
    0.508
  ],
  "8": [
    0.441,
    0.446,
    0.511
  ],
  "9": [
    0.444,
    0.421,
    0.505
  ],
  "10": [
    0.487,
    0.495,
    0.559
  ],
  "11": [
    0.484,
    0.466,
    0.512
  ],
  "avg": [
    0.46950000000000003,
    0.4650000000000001,
    0.5251666666666667
  ]
}