{
  "0": [
    0.353,
    0.291,
    0.344
  ],
  "1": [
    0.347,
    0.283,
    0.308
  ],
  "2": [
    0.354,
    0.282,
    0.331
  ],
  "3": [
    0.354,
    0.291,
    0.347
  ],
  "4": [
    0.35,
    0.293,
    0.342
  ],
  "5": [
    0.335,
    0.268,
    0.288
  ],
  "6": [
    0.362,
    0.278,
    0.33
  ],
  "7": [
    0.332,
    0.265,
    0.301
  ],
  "8": [
    0.361,
    0.294,
    0.355
  ],
  "9": [
    0.339,
    0.27,
    0.321
  ],
  "10": [
    0.362,
    0.28,
    0.338
  ],
  "11": [
    0.349,
    0.265,
    0.323
  ],
  "avg": [
    0.3498333333333333,
    0.27999999999999997,
    0.32733333333333337
  ]
}