{
  "0": [
    0.388,
    0.324,
    0.402
  ],
  "1": [
    0.369,
    0.34,
    0.374
  ],
  "2": [
    0.347,
    0.319,
    0.351
  ],
  "3": [
    0.386,
    0.342,
    0.391
  ],
  "4": [
    0.34,
    0.32,
    0.333
  ],
  "5": [
    0.408,
    0.351,
    0.42
  ],
  "6": [
    0.395,
    0.324,
    0.413
  ],
  "7": [
    0.397,
    0.343,
    0.383
  ],
  "8": [
    0.381,
    0.325,
    0.391
  ],
  "9": [
    0.319,
    0.319,
    0.342
  ],
  "10": [
    0.378,
    0.314,
    0.373
  ],
  "11": [
    0.387,
    0.356,
    0.41
  ],
  "avg": [
    0.37458333333333343,
    0.3314166666666667,
    0.3819166666666667
  ]
}