{
  "0": [
    0.44,
    0.373,
    0.449
  ],
  "1": [
    0.449,
    0.378,
    0.447
  ],
  "2": [
    0.417,
    0.36,
    0.421
  ],
  "3": [
    0.414,
    0.36,
    0.422
  ],
  "4": [
    0.432,
    0.353,
    0.44
  ],
  "5": [
    0.425,
    0.38,
    0.438
  ],
  "6": [
    0.429,
    0.358,
    0.419
  ],
  "7": [
    0.419,
    0.362,
    0.427
  ],
  "8": [
    0.407,
    0.343,
    0.416
  ],
  "9": [
    0.422,
    0.362,
    0.437
  ],
  "10": [
    0.411,
    0.329,
    0.433
  ],
  "11": [
    0.43,
    0.345,
    0.441
  ],
  "avg": [
    0.42458333333333326,
    0.3585833333333334,
    0.43249999999999994
  ]
}