{
  "0": [
    0.396,
    0.362,
    0.413
  ],
  "1": [
    0.401,
    0.36,
    0.409
  ],
  "2": [
    0.403,
    0.336,
    0.404
  ],
  "3": [
    0.418,
    0.364,
    0.441
  ],
  "4": [
    0.399,
    0.366,
    0.41
  ],
  "5": [
    0.392,
    0.363,
    0.42
  ],
  "6": [
    0.404,
    0.354,
    0.415
  ],
  "7": [
    0.394,
    0.342,
    0.427
  ],
  "8": [
    0.404,
    0.339,
    0.423
  ],
  "9": [
    0.396,
    0.343,
    0.42
  ],
  "10": [
    0.413,
    0.372,
    0.441
  ],
  "11": [
    0.394,
    0.341,
    0.406
  ],
  "avg": [
    0.4011666666666667,
    0.3535,
    0.4190833333333333
  ]
}