{
  "0": [
    0.407,
    0.327,
    0.374
  ],
  "1": [
    0.402,
    0.327,
    0.388
  ],
  "2": [
    0.423,
    0.336,
    0.403
  ],
  "3": [
    0.42,
    0.343,
    0.378
  ],
  "4": [
    0.393,
    0.339,
    0.359
  ],
  "5": [
    0.428,
    0.305,
    0.383
  ],
  "6": [
    0.409,
    0.326,
    0.384
  ],
  "7": [
    0.404,
    0.315,
    0.356
  ],
  "8": [
    0.427,
    0.325,
    0.379
  ],
  "9": [
    0.42,
    0.318,
    0.394
  ],
  "10": [
    0.399,
    0.338,
    0.381
  ],
  "11": [
    0.394,
    0.305,
    0.357
  ],
  "avg": [
    0.41050000000000003,
    0.32533333333333336,
    0.37800000000000006
  ]
}