{
  "0": [
    0.46,
    0.419,
    0.573
  ],
  "1": [
    0.467,
    0.426,
    0.575
  ],
  "2": [
    0.458,
    0.424,
    0.576
  ],
  "3": [
    0.439,
    0.394,
    0.567
  ],
  "4": [
    0.452,
    0.402,
    0.589
  ],
  "5": [
    0.438,
    0.393,
    0.539
  ],
  "6": [
    0.428,
    0.389,
    0.528
  ],
  "7": [
    0.469,
    0.395,
    0.593
  ],
  "8": [
    0.444,
    0.376,
    0.562
  ],
  "9": [
    0.447,
    0.416,
    0.553
  ],
  "10": [
    0.451,
    0.409,
    0.573
  ],
  "11": [
    0.483,
    0.405,
    0.597
  ],
  "avg": [
    0.453,
    0.4040000000000001,
    0.56875
  ]
}