{
  "0": [
    0.403,
    0.351,
    0.496
  ],
  "1": [
    0.414,
    0.356,
    0.511
  ],
  "2": [
    0.369,
    0.331,
    0.463
  ],
  "3": [
    0.386,
    0.33,
    0.49
  ],
  "4": [
    0.413,
    0.365,
    0.514
  ],
  "5": [
    0.387,
    0.329,
    0.487
  ],
  "6": [
    0.412,
    0.342,
    0.507
  ],
  "7": [
    0.387,
    0.347,
    0.474
  ],
  "8": [
    0.412,
    0.343,
    0.512
  ],
  "9": [
    0.38,
    0.33,
    0.49
  ],
  "10": [
    0.407,
    0.35,
    0.512
  ],
  "11": [
    0.405,
    0.364,
    0.499
  ],
  "avg": [
    0.39791666666666664,
    0.3448333333333334,
    0.4962500000000001
  ]
}