{
  "0": [
    0.488,
    0.478,
    0.544
  ],
  "1": [
    0.466,
    0.442,
    0.52
  ],
  "2": [
    0.479,
    0.478,
    0.535
  ],
  "3": [
    0.464,
    0.44,
    0.492
  ],
  "4": [
    0.449,
    0.422,
    0.502
  ],
  "5": [
    0.477,
    0.47,
    0.52
  ],
  "6": [
    0.491,
    0.474,
    0.553
  ],
  "7": [
    0.478,
    0.466,
    0.522
  ],
  "8": [
    0.465,
    0.455,
    0.537
  ],
  "9": [
    0.485,
    0.479,
    0.546
  ],
  "10": [
    0.473,
    0.457,
    0.538
  ],
  "11": [
    0.487,
    0.461,
    0.526
  ],
  "avg": [
    0.4751666666666667,
    0.46016666666666667,
    0.5279166666666667
  ]
}