{
  "0": [
    0.358,
    0.323,
    0.383
  ],
  "1": [
    0.349,
    0.318,
    0.371
  ],
  "2": [
    0.381,
    0.337,
    0.406
  ],
  "3": [
    0.383,
    0.34,
    0.407
  ],
  "4": [
    0.335,
    0.314,
    0.371
  ],
  "5": [
    0.357,
    0.336,
    0.373
  ],
  "6": [
    0.353,
    0.318,
    0.374
  ],
  "7": [
    0.381,
    0.339,
    0.412
  ],
  "8": [
    0.364,
    0.334,
    0.391
  ],
  "9": [
    0.364,
    0.337,
    0.386
  ],
  "10": [
    0.347,
    0.32,
    0.365
  ],
  "11": [
    0.378,
    0.334,
    0.401
  ],
  "avg": [
    0.3625,
    0.32916666666666666,
    0.38666666666666666
  ]
}