{
  "0": [
    0.512,
    0.438,
    0.513
  ],
  "1": [
    0.527,
    0.45,
    0.535
  ],
  "2": [
    0.511,
    0.442,
    0.517
  ],
  "3": [
    0.498,
    0.417,
    0.509
  ],
  "4": [
    0.499,
    0.432,
    0.506
  ],
  "5": [
    0.468,
    0.41,
    0.48
  ],
  "6": [
    0.486,
    0.413,
    0.502
  ],
  "7": [
    0.5,
    0.439,
    0.511
  ],
  "8": [
    0.465,
    0.4,
    0.473
  ],
  "9": [
    0.494,
    0.424,
    0.49
  ],
  "10": [
    0.467,
    0.382,
    0.478
  ],
  "11": [
    0.506,
    0.428,
    0.514
  ],
  "avg": [
    0.49441666666666667,
    0.42291666666666666,
    0.5023333333333334
  ]
}