{
  "0": [
    0.347,
    0.319,
    0.378
  ],
  "1": [
    0.356,
    0.305,
    0.382
  ],
  "2": [
    0.329,
    0.304,
    0.346
  ],
  "3": [
    0.344,
    0.312,
    0.374
  ],
  "4": [
    0.361,
    0.328,
    0.378
  ],
  "5": [
    0.362,
    0.312,
    0.365
  ],
  "6": [
    0.326,
    0.287,
    0.358
  ],
  "7": [
    0.34,
    0.298,
    0.348
  ],
  "8": [
    0.347,
    0.315,
    0.368
  ],
  "9": [
    0.352,
    0.307,
    0.366
  ],
  "10": [
    0.322,
    0.294,
    0.348
  ],
  "11": [
    0.354,
    0.307,
    0.364
  ],
  "avg": [
    0.345,
    0.30733333333333335,
    0.3645833333333333
  ]
}