{
  "0": [
    0.442,
    0.375,
    0.474
  ],
  "1": [
    0.421,
    0.373,
    0.447
  ],
  "2": [
    0.44,
    0.358,
    0.458
  ],
  "3": [
    0.445,
    0.384,
    0.468
  ],
  "4": [
    0.378,
    0.352,
    0.41
  ],
  "5": [
    0.45,
    0.39,
    0.476
  ],
  "6": [
    0.402,
    0.351,
    0.416
  ],
  "7": [
    0.422,
    0.358,
    0.438
  ],
  "8": [
    0.453,
    0.38,
    0.47
  ],
  "9": [
    0.431,
    0.374,
    0.467
  ],
  "10": [
    0.455,
    0.404,
    0.487
  ],
  "11": [
    0.446,
    0.367,
    0.453
  ],
  "avg": [
    0.4320833333333333,
    0.3721666666666667,
    0.45533333333333337
  ]
}