{
  "0": [
    0.509,
    0.458,
    0.488
  ],
  "1": [
    0.514,
    0.452,
    0.471
  ],
  "2": [
    0.498,
    0.461,
    0.476
  ],
  "3": [
    0.484,
    0.436,
    0.459
  ],
  "4": [
    0.427,
    0.433,
    0.465
  ],
  "5": [
    0.49,
    0.441,
    0.472
  ],
  "6": [
    0.519,
    0.458,
    0.476
  ],
  "7": [
    0.506,
    0.46,
    0.483
  ],
  "8": [
    0.451,
    0.423,
    0.44
  ],
  "9": [
    0.515,
    0.454,
    0.455
  ],
  "avg": [
    0.49129999999999996,
    0.4475999999999999,
    0.4685
  ]
}