{"0": [0.684, 0.47, 0.536], "1": [0.549, 0.46, 0.487], "2": [0.643, 0.457, 0.434], "3": [0.61, 0.492, 0.518], "4": [0.659, 0.533, 0.533], "5": [0.591, 0.527, 0.457], "6": [0.623, 0.481, 0.485], "7": [0.734, 0.506, 0.516], "8": [0.618, 0.475, 0.484], "9": [0.671, 0.485, 0.553], "avg": [0.6382000000000001, 0.48860000000000003, 0.5003]}