{"0": [0.737, 0.503, 0.472], "1": [0.577, 0.468, 0.475], "2": [0.646, 0.478, 0.457], "3": [0.719, 0.422, 0.486], "4": [0.734, 0.42, 0.416], "5": [0.565, 0.474, 0.483], "6": [0.538, 0.437, 0.441], "7": [0.68, 0.466, 0.438], "8": [0.643, 0.445, 0.437], "9": [0.604, 0.508, 0.473], "avg": [0.6443, 0.46209999999999996, 0.45780000000000004]}