{"0": [0.723, 0.478, 0.515], "1": [0.801, 0.495, 0.452], "2": [0.631, 0.439, 0.489], "3": [0.757, 0.422, 0.52], "4": [0.812, 0.403, 0.413], "5": [0.559, 0.475, 0.473], "6": [0.622, 0.464, 0.483], "7": [0.69, 0.463, 0.483], "8": [0.682, 0.444, 0.473], "9": [0.674, 0.493, 0.503], "avg": [0.6951000000000002, 0.45760000000000006, 0.48040000000000005]}