{
  "0": [
    0.411,
    0.348,
    0.381
  ],
  "1": [
    0.382,
    0.337,
    0.368
  ],
  "2": [
    0.34,
    0.317,
    0.342
  ],
  "3": [
    0.369,
    0.304,
    0.35
  ],
  "4": [
    0.335,
    0.294,
    0.342
  ],
  "5": [
    0.37,
    0.324,
    0.357
  ],
  "6": [
    0.361,
    0.323,
    0.321
  ],
  "7": [
    0.382,
    0.325,
    0.368
  ],
  "8": [
    0.367,
    0.323,
    0.363
  ],
  "9": [
    0.341,
    0.3,
    0.331
  ],
  "10": [
    0.354,
    0.314,
    0.344
  ],
  "11": [
    0.366,
    0.308,
    0.359
  ],
  "avg": [
    0.3648333333333333,
    0.31808333333333333,
    0.3521666666666666
  ]
}