{
  "0": [
    0.504,
    0.481,
    0.522
  ],
  "1": [
    0.508,
    0.477,
    0.523
  ],
  "2": [
    0.485,
    0.477,
    0.5
  ],
  "3": [
    0.46,
    0.439,
    0.504
  ],
  "4": [
    0.48,
    0.454,
    0.495
  ],
  "5": [
    0.499,
    0.47,
    0.527
  ],
  "6": [
    0.518,
    0.483,
    0.508
  ],
  "7": [
    0.527,
    0.487,
    0.536
  ],
  "8": [
    0.484,
    0.459,
    0.501
  ],
  "9": [
    0.489,
    0.462,
    0.522
  ],
  "10": [
    0.496,
    0.476,
    0.514
  ],
  "11": [
    0.469,
    0.468,
    0.504
  ],
  "avg": [
    0.49324999999999997,
    0.46941666666666665,
    0.513
  ]
}
