{
  "0": [
    0.492,
    0.413,
    0.466
  ],
  "1": [
    0.479,
    0.4,
    0.457
  ],
  "2": [
    0.492,
    0.422,
    0.493
  ],
  "3": [
    0.482,
    0.409,
    0.473
  ],
  "4": [
    0.482,
    0.412,
    0.47
  ],
  "5": [
    0.507,
    0.423,
    0.48
  ],
  "6": [
    0.452,
    0.375,
    0.442
  ],
  "7": [
    0.475,
    0.395,
    0.451
  ],
  "8": [
    0.494,
    0.42,
    0.484
  ],
  "9": [
    0.48,
    0.386,
    0.471
  ],
  "10": [
    0.5,
    0.42,
    0.465
  ],
  "11": [
    0.478,
    0.405,
    0.47
  ],
  "avg": [
    0.4844166666666667,
    0.4066666666666667,
    0.46849999999999997
  ]
}