{
  "0": [
    0.402,
    0.39,
    0.4
  ],
  "1": [
    0.388,
    0.358,
    0.419
  ],
  "2": [
    0.395,
    0.367,
    0.412
  ],
  "3": [
    0.383,
    0.373,
    0.396
  ],
  "4": [
    0.365,
    0.34,
    0.375
  ],
  "5": [
    0.369,
    0.358,
    0.394
  ],
  "6": [
    0.399,
    0.376,
    0.425
  ],
  "7": [
    0.384,
    0.381,
    0.39
  ],
  "8": [
    0.404,
    0.38,
    0.43
  ],
  "9": [
    0.391,
    0.374,
    0.394
  ],
  "10": [
    0.391,
    0.38,
    0.417
  ],
  "11": [
    0.403,
    0.375,
    0.426
  ],
  "avg": [
    0.38949999999999996,
    0.371,
    0.40650000000000003
  ]
}