{
  "0": [
    0.36,
    0.317,
    0.411
  ],
  "1": [
    0.312,
    0.261,
    0.37
  ],
  "2": [
    0.34,
    0.294,
    0.406
  ],
  "3": [
    0.283,
    0.254,
    0.342
  ],
  "4": [
    0.298,
    0.242,
    0.378
  ],
  "5": [
    0.358,
    0.327,
    0.432
  ],
  "6": [
    0.314,
    0.254,
    0.393
  ],
  "7": [
    0.306,
    0.247,
    0.372
  ],
  "8": [
    0.312,
    0.261,
    0.39
  ],
  "9": [
    0.319,
    0.271,
    0.377
  ],
  "10": [
    0.319,
    0.266,
    0.392
  ],
  "11": [
    0.285,
    0.219,
    0.358
  ],
  "avg": [
    0.31716666666666665,
    0.26775,
    0.3850833333333334
  ]
}