{
  "0": [
    0.43,
    0.385,
    0.493
  ],
  "1": [
    0.437,
    0.399,
    0.518
  ],
  "2": [
    0.438,
    0.404,
    0.516
  ],
  "3": [
    0.39,
    0.333,
    0.472
  ],
  "4": [
    0.441,
    0.404,
    0.53
  ],
  "5": [
    0.407,
    0.371,
    0.47
  ],
  "6": [
    0.387,
    0.341,
    0.468
  ],
  "7": [
    0.42,
    0.374,
    0.493
  ],
  "8": [
    0.427,
    0.389,
    0.508
  ],
  "9": [
    0.45,
    0.413,
    0.535
  ],
  "10": [
    0.427,
    0.386,
    0.501
  ],
  "11": [
    0.443,
    0.405,
    0.538
  ],
  "avg": [
    0.4247499999999999,
    0.38366666666666666,
    0.5035000000000001
  ]
}
