{
  "0": [
    0.408,
    0.359,
    0.5
  ],
  "1": [
    0.395,
    0.351,
    0.485
  ],
  "2": [
    0.442,
    0.363,
    0.505
  ],
  "3": [
    0.389,
    0.343,
    0.475
  ],
  "4": [
    0.39,
    0.345,
    0.483
  ],
  "5": [
    0.439,
    0.396,
    0.51
  ],
  "6": [
    0.383,
    0.346,
    0.474
  ],
  "7": [
    0.398,
    0.353,
    0.484
  ],
  "8": [
    0.386,
    0.342,
    0.477
  ],
  "9": [
    0.387,
    0.338,
    0.472
  ],
  "10": [
    0.395,
    0.375,
    0.488
  ],
  "11": [
    0.437,
    0.423,
    0.517
  ],
  "avg": [
    0.4040833333333334,
    0.36116666666666664,
    0.4891666666666667
  ]
}