{
  "0": [
    0.317,
    0.271,
    0.316
  ],
  "1": [
    0.306,
    0.252,
    0.314
  ],
  "2": [
    0.302,
    0.247,
    0.321
  ],
  "3": [
    0.324,
    0.266,
    0.326
  ],
  "4": [
    0.352,
    0.3,
    0.35
  ],
  "5": [
    0.327,
    0.272,
    0.324
  ],
  "6": [
    0.313,
    0.247,
    0.311
  ],
  "7": [
    0.316,
    0.266,
    0.312
  ],
  "8": [
    0.316,
    0.25,
    0.308
  ],
  "9": [
    0.342,
    0.298,
    0.328
  ],
  "10": [
    0.298,
    0.241,
    0.315
  ],
  "11": [
    0.341,
    0.295,
    0.332
  ],
  "avg": [
    0.32116666666666666,
    0.26708333333333334,
    0.32141666666666663
  ]
}