{
  "0": [
    0.495,
    0.472,
    0.518
  ],
  "1": [
    0.494,
    0.469,
    0.546
  ],
  "2": [
    0.5,
    0.471,
    0.526
  ],
  "3": [
    0.418,
    0.421,
    0.443
  ],
  "4": [
    0.47,
    0.454,
    0.506
  ],
  "5": [
    0.489,
    0.456,
    0.516
  ],
  "6": [
    0.519,
    0.487,
    0.542
  ],
  "7": [
    0.446,
    0.437,
    0.461
  ],
  "8": [
    0.497,
    0.468,
    0.507
  ],
  "9": [
    0.484,
    0.478,
    0.508
  ],
  "10": [
    0.468,
    0.459,
    0.505
  ],
  "11": [
    0.511,
    0.487,
    0.538
  ],
  "avg": [
    0.48258333333333336,
    0.46324999999999994,
    0.5096666666666666
  ]
}