{
  "0": [
    0.352,
    0.295,
    0.378
  ],
  "1": [
    0.337,
    0.277,
    0.361
  ],
  "2": [
    0.342,
    0.299,
    0.348
  ],
  "3": [
    0.363,
    0.315,
    0.381
  ],
  "4": [
    0.353,
    0.31,
    0.359
  ],
  "5": [
    0.341,
    0.3,
    0.365
  ],
  "6": [
    0.346,
    0.322,
    0.358
  ],
  "7": [
    0.348,
    0.312,
    0.36
  ],
  "8": [
    0.346,
    0.32,
    0.369
  ],
  "9": [
    0.336,
    0.296,
    0.349
  ],
  "10": [
    0.358,
    0.325,
    0.367
  ],
  "11": [
    0.368,
    0.325,
    0.386
  ],
  "avg": [
    0.3491666666666667,
    0.308,
    0.36508333333333337
  ]
}