{
  "0": [
    0.364,
    0.37,
    0.407
  ],
  "1": [
    0.398,
    0.414,
    0.436
  ],
  "2": [
    0.274,
    0.269,
    0.3
  ],
  "3": [
    0.383,
    0.39,
    0.417
  ],
  "4": [
    0.405,
    0.405,
    0.439
  ],
  "5": [
    0.392,
    0.392,
    0.42
  ],
  "6": [
    0.414,
    0.424,
    0.444
  ],
  "7": [
    0.424,
    0.433,
    0.448
  ],
  "8": [
    0.366,
    0.376,
    0.401
  ],
  "9": [
    0.423,
    0.419,
    0.452
  ],
  "10": [
    0.408,
    0.414,
    0.434
  ],
  "11": [
    0.295,
    0.282,
    0.306
  ],
  "avg": [
    0.37883333333333336,
    0.38233333333333336,
    0.4086666666666667
  ]
}