{"0": [0.601, 0.404, 0.461], "1": [0.594, 0.383, 0.382], "2": [0.699, 0.442, 0.393], "3": [0.687, 0.446, 0.504], "4": [0.634, 0.427, 0.441], "5": [0.599, 0.391, 0.376], "6": [0.594, 0.436, 0.4], "7": [0.679, 0.433, 0.412], "8": [0.638, 0.427, 0.435], "9": [0.706, 0.423, 0.418], "avg": [0.6430999999999999, 0.42119999999999996, 0.42219999999999996]}