{"0": [0.817, 0.381, 0.468], "1": [0.889, 0.437, 0.404], "2": [0.919, 0.427, 0.38], "3": [0.677, 0.489, 0.393], "4": [0.93, 0.432, 0.392], "5": [0.674, 0.463, 0.374], "6": [0.735, 0.517, 0.369], "7": [0.82, 0.412, 0.4], "8": [0.771, 0.51, 0.465], "9": [0.697, 0.442, 0.389], "avg": [0.7929000000000002, 0.45099999999999996, 0.4034]}