{"0": [0.613, 0.452, 0.545], "1": [0.588, 0.4, 0.336], "2": [0.576, 0.503, 0.54], "3": [0.55, 0.503, 0.496], "4": [0.626, 0.463, 0.512], "5": [0.63, 0.512, 0.355], "6": [0.597, 0.475, 0.428], "7": [0.507, 0.457, 0.488], "8": [0.561, 0.467, 0.492], "9": [0.483, 0.431, 0.392], "avg": [0.5730999999999999, 0.46630000000000005, 0.45840000000000003]}