{"0": [0.802, 0.494, 0.479], "1": [0.756, 0.506, 0.509], "2": [0.876, 0.396, 0.451], "3": [0.678, 0.51, 0.471], "4": [0.796, 0.523, 0.472], "5": [0.749, 0.517, 0.527], "6": [0.613, 0.453, 0.445], "7": [0.772, 0.512, 0.467], "8": [0.67, 0.489, 0.504], "9": [0.675, 0.492, 0.519], "avg": [0.7386999999999999, 0.48919999999999997, 0.48440000000000005]}