{"0": [0.624, 0.375, 0.446], "1": [0.667, 0.387, 0.381], "2": [0.702, 0.352, 0.378], "3": [0.692, 0.433, 0.398], "4": [0.6, 0.399, 0.419], "5": [0.563, 0.439, 0.444], "6": [0.608, 0.314, 0.375], "7": [0.651, 0.416, 0.413], "8": [0.528, 0.39, 0.44], "9": [0.731, 0.366, 0.417], "avg": [0.6365999999999999, 0.3871, 0.41109999999999997]}